{"branches": 72.22222222222221, "coverage": 72.42921013412817}