{"branches": 66.66666666666666, "coverage": 70.83946980854198}